<?xml version="1.0" encoding="ISO-8859-1"?>
<!DOCTYPE pool SYSTEM "http://www.parasitaere-kapazitaeten.net/ext/pool/pool-0.2.dtd">
<pool>
<value><key>5</key><data>78</data></value>
<value><key>0</key><data>74</data></value>
<value><key>7</key><data>82</data></value>
<value><key>6</key><data>80</data></value>
<value><key>d</key><data>63</data></value>
<value><key>2</key><data>73</data></value>
<value><key>3</key><data>75</data></value>
<value><key>u</key><data>83</data></value>
<value><key>n</key><data>69</data></value>
<value><key>l</key><data>73</data></value>
<value><key>,</key><data>72</data></value>
<value><key>t</key><data>79</data></value>
<value><key>w</key><data>74</data></value>
<value><key>g</key><data>66</data></value>
<value><key>v</key><data>65</data></value>
<value><key>h</key><data>68</data></value>
<value><key>i</key><data>84</data></value>
<value><key>j</key><data>70</data></value>
<value><key>q</key><data>72</data></value>
<value><key>s</key><data>61</data></value>
<value><key>a</key><data>1</data></value>
<value><key>b</key><data>67</data></value>
<value><key>x</key><data>62</data></value>
<value><key>z</key><data>60</data></value>
<value><key>r</key><data>77</data></value>
<value><key>y</key><data>81</data></value>
<value><key>e</key><data>76</data></value>
<value><key>c</key><data>64</data></value>
<value><key>m</key><data>71</data></value>
</pool>
